{
  "train": {
    "r2": 0.9999298008366001,
    "rmse": 4.36612612210559,
    "mae": 2.9871233927703282,
    "mape": 0.12873413825637225
  },
  "validation": {
    "r2": 0.9724263326424816,
    "rmse": 89.4342209760012,
    "mae": 44.191450691223146,
    "mape": 1.2798734822994056
  },
  "test": {
    "r2": 0.9640162174090495,
    "rmse": 88.9445997655605,
    "mae": 46.664853951181044,
    "mape": 1.6218498501164893
  },
  "n_features": 68,
  "n_samples": 2128,
  "hyperparameters": {
    "objective": "reg:squarederror",
    "max_depth": 6,
    "learning_rate": 0.05,
    "n_estimators": 300,
    "min_child_weight": 3,
    "subsample": 0.8,
    "colsample_bytree": 0.8,
    "gamma": 0.1,
    "reg_alpha": 0.1,
    "reg_lambda": 1.0,
    "random_state": 42,
    "n_jobs": -1
  }
}