{
  "train": {
    "r2": 0.998874018333849,
    "rmse": 17.48622121048501,
    "mae": 11.812539041301104,
    "mape": 0.48658944433502394
  },
  "validation": {
    "r2": 0.9743602624345014,
    "rmse": 86.24089405816763,
    "mae": 45.806741905212405,
    "mape": 1.5941341624758736
  },
  "test": {
    "r2": 0.9681852043979499,
    "rmse": 83.63359142806725,
    "mae": 47.23122481225242,
    "mape": 1.833369371446309
  },
  "overfitting": {
    "train_val_gap": 0.024513755899347678,
    "val_test_gap": 0.006175058036551495
  },
  "n_features": 69,
  "n_samples": 2128,
  "hyperparameters": {
    "objective": "reg:squarederror",
    "max_depth": 5,
    "learning_rate": 0.03,
    "n_estimators": 400,
    "min_child_weight": 5,
    "subsample": 0.7,
    "colsample_bytree": 0.7,
    "gamma": 0.2,
    "reg_alpha": 0.5,
    "reg_lambda": 2.0,
    "random_state": 42,
    "n_jobs": -1
  }
}